{
    "suggestedContent": [
        {
            "id": 1,
            "title": "Bootstrap",
            "image": "assets/img/foto6.png",
            "link": "https://getbootstrap.com/"
        },
        {
            "id": 2,
            "title": "HTML Estudos",
            "image": "assets/img/foto7.png",
            "link": "https://medium.com/trainingcenter/trilha-de-estudos-html-e-css-parte-i-ed01c343d6a7"
        },
        {
            "id": 3,
            "title": "HTML Estudos - 2",
            "image": "assets/img/foto8.png",
            "link": "https://kinsta.com/pt/base-de-conhecimento/o-que-e-html/"
        },
        {
            "id": 4,
            "title": "Puc Minas",
            "image": "assets/img/foto9.jpg",
            "link": "https://www.pucminas.br/destaques/Paginas/default.aspx?utm_source=google&utm_medium=cpc&utm_campaign=always-on&utm_content=YQ00005&gad_source=1&gclid=CjwKCAjww_iwBhApEiwAuG6ccAOwdwavMOFbmdGCIpnoBe1x2TDOFdJOxxPnkpCeJzqvmLqH0L0ulxoCE9YQAvD_BwE"
        },
        {
            "id": 5,
            "title": "VS Code",
            "image": "assets/img/foto10.png",
            "link": "https://operavps.com/docs/how-to-install-vs-code-on-ubuntu-using-snap-apt-gui/"
        }
    ],
    "colleagues": [
        {
            "id": 1,
            "name": "AlexandriaPedro",
            "photo": "assets/img/foto3.png",
            "github": "https://github.com/AlexandriaPedro"
        },
        {
            "id": 2,
            "name": "GustavoPR35",
            "photo": "assets/img/foto4.png",
            "github": "https://github.com/GustavoPR35"
        },
        {
            "id": 3,
            "name": "maristakahashi",
            "photo": "assets/img/foto5.png",
            "github": "https://github.com/maristakahashi"
        }
    ]
}
