{
  "contatos": [
    {
        "id": 1,
        "nome": "Leanne Graham",
        "cidade": "Belo Horizonte",
        "categoria": "amigos",
        "email": "Sincere@april.biz",
        "telefone": "1-770-736-8031",
        "website": "hildegard.org"
    },
    {
        "id": 2,
        "nome": "Ervin Howell",
        "cidade": "Betim",
        "categoria": "familia",
        "email": "Shanna@melissa.tv",
        "telefone": "010-692-6593",
        "website": "anastasia.net"
    },
    {
        "id": 3,
        "nome": "Clementine Bauch",
        "cidade": "Rio de Janeiro",
        "categoria": "trabalho",
        "email": "Nathan@yesenia.net",
        "telefone": "1-463-123-4447",
        "website": "ramiro.info"
    },
    {
        "id": 4,
        "nome": "Patricia Lebsack",
        "cidade": "Betim",
        "categoria": "trabalho",
        "email": "Julianne.OConner@kory.org",
        "telefone": "493-170-9623 x156",
        "website": "kale.biz"
    },
    {
        "id": 5,
        "nome": "Chelsey Dietrich",
        "cidade": "São Paulo",
        "categoria": "familia",
        "email": "Lucio_Hettinger@annie.ca",
        "telefone": "(254)954-1289",
        "website": "demarco.info"
    },
    {
        "id": 6,
        "nome": "Mrs. Dennis Schulist",
        "cidade": "Rio de Janeiro",
        "categoria": "trabalho",
        "email": "Karley_Dach@jasper.info",
        "telefone": "1-477-935-8478",
        "website": "ola.org"
    },
    {
        "id": 7,
        "nome": "Kurtis Weissnat",
        "cidade": "Belo Horizonte",
        "categoria": "amigos",
        "email": "Telly.Hoeger@billy.biz",
        "telefone": "210.067.6132",
        "website": "elvis.io"
    },
    {
        "id": 8,
        "nome": "Nicholas Runolfsdottir V",
        "cidade": "Belo Horizonte",
        "categoria": "familia",
        "email": "Sherwood@rosamond.me",
        "telefone": "586.493.6943",
        "website": "jacynthe.com"
    },
    {
        "id": 9,
        "nome": "Glenna Reichert",
        "cidade": "Betim",
        "categoria": "amigos",
        "email": "Chaim_McDermott@dana.io",
        "telefone": "(775)976-6794",
        "website": "conrad.com"
    },
    {
        "id": 10,
        "nome": "Clementina DuBuque",
        "cidade": "São Paulo",
        "categoria": "amigos",
        "email": "Rey.Padberg@karina.biz",
        "telefone": "024-648-3804",
        "website": "ambrose.net"
    }
  ],
  "usuarios": [
    {
      "id": 1,
      "login": "admin",
      "senha": "123",
      "nome": "Administrador do Sistema",
      "email": "admin@abc.com"
    },
    {
      "id": 2,
      "login": "user",
      "senha": "123",
      "nome": "Usuario Comum",
      "email": "user@abc.com"
    }
  ]
}